,Quintiles,Full_Spectrum
avg_long_positions,3.8279220779220777,10.285714285714286
avg_short_positions,4.805194805194805,12.03896103896104
avg_total_positions,8.633116883116884,22.324675324675326
avg_concentration,0.11590909090909095,0.04486987579520048
position_stability,1.59144926861256,4.330609358816902
