{
  "timestamp": "2025-08-11T16:02:37.743381",
  "total_combinations_tested": 80,
  "successful_combinations": 80,
  "optimization_period": "2000-2025",
  "best_sharpe_ratio": {
    "parameters": {
      "lookback_months": 12,
      "target_volatility": 0.3,
      "ewma_com": 45
    },
    "performance": {
      "cagr": 0.022099971881134994,
      "sharpe_ratio": 0.25405920941558824,
      "volatility": 0.10927625082409438,
      "max_drawdown": -0.3635877783020635,
      "win_rate": 0.5224913494809689
    }
  },
  "best_cagr": {
    "parameters": {
      "lookback_months": 12,
      "target_volatility": 0.6,
      "ewma_com": 45
    },
    "performance": {
      "cagr": 0.03216222923167256,
      "sharpe_ratio": 0.2523490523762709,
      "volatility": 0.21838330614000068,
      "max_drawdown": -0.6403836316468187,
      "win_rate": 0.5224913494809689
    }
  }
}