asset_class,lookback_months,total_return,annual_return,annual_volatility,sharpe_ratio,max_drawdown,n_observations
commodities,3,-0.3503445238571047,-0.0011887980032756415,0.18363712312373132,-0.006473625719319569,-0.8387124261616348,289
commodities,6,-0.009830209545278357,0.01715063817761548,0.18933723963039953,0.09058248768755059,-0.7896289462435508,289
commodities,9,-0.5775705636815982,-0.017966458458275582,0.18887911005157484,-0.0951214692475505,-0.8476009846672476,289
commodities,12,1.9636915624498665,0.06575095254243088,0.20412087307063745,0.32211773128991716,-0.5624392798264279,289
commodities,18,1.1110686227743103,0.0499253211645931,0.19528865934059159,0.2556488499289723,-0.692155689387328,289
commodities,24,3.194827744142745,0.07785586169302608,0.19118186854168642,0.4072345473286863,-0.5474871299406147,289
