asset_class,lookback_months,total_return,annual_return,annual_volatility,sharpe_ratio,max_drawdown,n_observations
forex,3,-0.24848412146098486,0.027100517289650752,0.2790646382139403,0.09711197184673247,-0.8402960181354516,289
forex,6,1.0223378777994685,0.06878039451181914,0.2815003743165154,0.24433500196516023,-0.6938157100333988,289
forex,9,0.02652749388845388,0.03930149307311985,0.27722405966303465,0.14176797324478527,-0.6948714104010021,289
forex,12,-0.606053179715516,0.0023003447085024322,0.28639996864048434,0.008031930727583413,-0.8271470635958036,289
forex,18,-0.45078481904827516,0.011379165181296972,0.2698830353351374,0.04216332148171695,-0.7449069435819896,289
forex,24,-0.5041668809389246,0.01109653215840924,0.28318454243824975,0.03918480882772375,-0.785033054783619,289
